"time","hemisphere","extent","area"
1979-01-01,"south",5.4e+12,3.47e+12
1980-01-01,"south",4.56e+12,3.08e+12
1981-01-01,"south",4.41e+12,2.84e+12
1982-01-01,"south",5.26e+12,3.25e+12
1983-01-01,"south",4.77e+12,3.21e+12
1984-01-01,"south",4.78e+12,2.93e+12
1985-01-01,"south",4.46e+12,2.87e+12
1986-01-01,"south",5.42e+12,3.43e+12
1987-01-01,"south",5.13e+12,3.31e+12
1988-01-01,"south",-9.999e+15,-9.999e+15
1989-01-01,"south",4.74e+12,3.17e+12
1990-01-01,"south",4.87e+12,3.39e+12
1991-01-01,"south",5.34e+12,3.52e+12
1992-01-01,"south",4.75e+12,3.24e+12
1993-01-01,"south",4.41e+12,2.55e+12
1994-01-01,"south",4.97e+12,3.37e+12
1995-01-01,"south",5.64e+12,3.73e+12
1996-01-01,"south",5.87e+12,3.55e+12
1997-01-01,"south",4.2e+12,2.77e+12
1998-01-01,"south",4.46e+12,3.04e+12
1999-01-01,"south",4.82e+12,3.11e+12
2000-01-01,"south",4.75e+12,2.92e+12
2001-01-01,"south",5.23e+12,3.64e+12
2002-01-01,"south",4.74e+12,2.95e+12
2003-01-01,"south",5.77e+12,4.11e+12
2004-01-01,"south",5.59e+12,3.8e+12
2005-01-01,"south",4.75e+12,3.18e+12
2006-01-01,"south",4.16e+12,2.81e+12
2007-01-01,"south",4.67e+12,3e+12
2008-01-01,"south",6.41e+12,4.07e+12
2009-01-01,"south",5.71e+12,3.5e+12
2010-01-01,"south",4.96e+12,3.33e+12
2011-01-01,"south",4.51e+12,3.05e+12
2012-01-01,"south",5.65e+12,3.71e+12
2013-01-01,"south",5.54e+12,3.94e+12
2014-01-01,"south",6.33e+12,4.38e+12
2015-01-01,"south",6.85e+12,4.34e+12
2016-01-01,"south",4.69e+12,3.03e+12
2017-01-01,"south",3.78e+12,2.56e+12
2018-01-01,"south",4.21e+12,2.69e+12
2019-01-01,"south",3.87e+12,2.66e+12
2020-01-01,"south",4.6e+12,3.09e+12
2021-01-01,"south",4.78e+12,2.94e+12
2022-01-01,"south",3.94e+12,2.44e+12
2023-01-01,"south",3.3e+12,2e+12
2024-01-01,"south",4.05e+12,2.63e+12
2025-01-01,"south",4.69e+12,2.84e+12
2026-01-01,"south",4.49e+12,3.01e+12
1979-02-01,"south",3.14e+12,2.11e+12
1980-02-01,"south",2.82e+12,1.85e+12
1981-02-01,"south",2.87e+12,1.74e+12
1982-02-01,"south",3.13e+12,1.86e+12
1983-02-01,"south",3.07e+12,1.91e+12
1984-02-01,"south",2.68e+12,1.75e+12
1985-02-01,"south",2.84e+12,1.83e+12
1986-02-01,"south",3.19e+12,2e+12
1987-02-01,"south",3.25e+12,2e+12
1988-02-01,"south",2.89e+12,1.9e+12
1989-02-01,"south",2.98e+12,2.03e+12
1990-02-01,"south",3.04e+12,2.21e+12
1991-02-01,"south",3.16e+12,2.09e+12
1992-02-01,"south",2.84e+12,1.86e+12
1993-02-01,"south",2.48e+12,1.37e+12
1994-02-01,"south",3.2e+12,2.22e+12
1995-02-01,"south",3.56e+12,2.19e+12
1996-02-01,"south",2.98e+12,1.77e+12
1997-02-01,"south",2.49e+12,1.72e+12
1998-02-01,"south",2.99e+12,1.87e+12
1999-02-01,"south",2.97e+12,1.77e+12
2000-02-01,"south",2.91e+12,1.72e+12
2001-02-01,"south",3.65e+12,2.44e+12
2002-02-01,"south",2.96e+12,1.82e+12
2003-02-01,"south",3.79e+12,2.66e+12
2004-02-01,"south",3.58e+12,2.36e+12
2005-02-01,"south",2.97e+12,1.97e+12
2006-02-01,"south",2.65e+12,1.76e+12
2007-02-01,"south",2.9e+12,1.94e+12
2008-02-01,"south",3.89e+12,2.4e+12
2009-02-01,"south",2.99e+12,1.97e+12
2010-02-01,"south",3.11e+12,2.11e+12
2011-02-01,"south",2.52e+12,1.86e+12
2012-02-01,"south",3.55e+12,2.19e+12
2013-02-01,"south",3.84e+12,2.58e+12
2014-02-01,"south",3.84e+12,2.65e+12
2015-02-01,"south",3.8e+12,2.54e+12
2016-02-01,"south",2.79e+12,1.86e+12
2017-02-01,"south",2.29e+12,1.64e+12
2018-02-01,"south",2.33e+12,1.63e+12
2019-02-01,"south",2.65e+12,1.81e+12
2020-02-01,"south",2.92e+12,1.83e+12
2021-02-01,"south",2.89e+12,1.72e+12
2022-02-01,"south",2.21e+12,1.38e+12
2023-02-01,"south",1.98e+12,1.19e+12
2024-02-01,"south",2.19e+12,1.54e+12
2025-02-01,"south",2.22e+12,1.37e+12
2026-02-01,"south",2.91e+12,1.86e+12
1979-03-01,"south",4e+12,2.66e+12
1980-03-01,"south",3.29e+12,2.11e+12
1981-03-01,"south",3.39e+12,2.16e+12
1982-03-01,"south",4.29e+12,2.84e+12
1983-03-01,"south",4.02e+12,2.62e+12
1984-03-01,"south",3.61e+12,2.34e+12
1985-03-01,"south",3.72e+12,2.54e+12
1986-03-01,"south",3.7e+12,2.38e+12
1987-03-01,"south",4.11e+12,2.75e+12
1988-03-01,"south",3.97e+12,2.59e+12
1989-03-01,"south",3.93e+12,2.59e+12
1990-03-01,"south",3.97e+12,2.79e+12
1991-03-01,"south",3.81e+12,2.65e+12
1992-03-01,"south",3.57e+12,2.47e+12
1993-03-01,"south",3.67e+12,2.24e+12
1994-03-01,"south",4.55e+12,3.2e+12
1995-03-01,"south",4.63e+12,3.01e+12
1996-03-01,"south",4.18e+12,2.65e+12
1997-03-01,"south",3.46e+12,2.3e+12
1998-03-01,"south",4.11e+12,2.71e+12
1999-03-01,"south",3.98e+12,2.58e+12
2000-03-01,"south",4.09e+12,2.67e+12
2001-03-01,"south",4.73e+12,3.36e+12
2002-03-01,"south",3.75e+12,2.36e+12
2003-03-01,"south",4.44e+12,3.24e+12
2004-03-01,"south",4.53e+12,3.16e+12
2005-03-01,"south",4.08e+12,2.73e+12
2006-03-01,"south",3.21e+12,2.01e+12
2007-03-01,"south",3.83e+12,2.54e+12
2008-03-01,"south",5.28e+12,3.68e+12
2009-03-01,"south",4.44e+12,3.02e+12
2010-03-01,"south",3.85e+12,2.66e+12
2011-03-01,"south",3.37e+12,2.26e+12
2012-03-01,"south",4.55e+12,2.91e+12
2013-03-01,"south",5.02e+12,3.49e+12
2014-03-01,"south",4.9e+12,3.32e+12
2015-03-01,"south",4.96e+12,3.45e+12
2016-03-01,"south",4.07e+12,2.77e+12
2017-03-01,"south",2.7e+12,1.83e+12
2018-03-01,"south",3.54e+12,2.31e+12
2019-03-01,"south",3.17e+12,2.1e+12
2020-03-01,"south",4e+12,2.59e+12
2021-03-01,"south",4.48e+12,2.82e+12
2022-03-01,"south",2.86e+12,1.86e+12
2023-03-01,"south",2.84e+12,1.79e+12
2024-03-01,"south",3.22e+12,2.15e+12
2025-03-01,"south",3e+12,1.93e+12
2026-03-01,"south",3.57e+12,2.18e+12
1979-04-01,"south",7.49e+12,5.45e+12
1980-04-01,"south",5.4e+12,3.68e+12
1981-04-01,"south",5.84e+12,4.07e+12
1982-04-01,"south",7.72e+12,5.79e+12
1983-04-01,"south",6.47e+12,4.7e+12
1984-04-01,"south",6.42e+12,4.53e+12
1985-04-01,"south",6.49e+12,4.74e+12
1986-04-01,"south",6.39e+12,4.56e+12
1987-04-01,"south",6.8e+12,5.04e+12
1988-04-01,"south",6.29e+12,4.44e+12
1989-04-01,"south",6.31e+12,4.5e+12
1990-04-01,"south",7e+12,5.18e+12
1991-04-01,"south",7.05e+12,5.18e+12
1992-04-01,"south",6.79e+12,5e+12
1993-04-01,"south",6.65e+12,4.9e+12
1994-04-01,"south",7.22e+12,5.45e+12
1995-04-01,"south",7.27e+12,5.4e+12
1996-04-01,"south",7.28e+12,5.37e+12
1997-04-01,"south",6.49e+12,4.84e+12
1998-04-01,"south",6.85e+12,5.12e+12
1999-04-01,"south",6.89e+12,5.13e+12
2000-04-01,"south",7.13e+12,5.31e+12
2001-04-01,"south",7.04e+12,5.3e+12
2002-04-01,"south",6.33e+12,4.59e+12
2003-04-01,"south",7.21e+12,5.56e+12
2004-04-01,"south",7.28e+12,5.39e+12
2005-04-01,"south",7.03e+12,5.19e+12
2006-04-01,"south",6.01e+12,4.28e+12
2007-04-01,"south",6.42e+12,4.7e+12
2008-04-01,"south",8.24e+12,6.23e+12
2009-04-01,"south",7.8e+12,5.96e+12
2010-04-01,"south",6.72e+12,5e+12
2011-04-01,"south",6.1e+12,4.39e+12
2012-04-01,"south",7.31e+12,5.55e+12
2013-04-01,"south",7.62e+12,5.75e+12
2014-04-01,"south",8.34e+12,6.41e+12
2015-04-01,"south",8.37e+12,6.37e+12
2016-04-01,"south",7.22e+12,5.38e+12
2017-04-01,"south",5.44e+12,3.93e+12
2018-04-01,"south",6.03e+12,4.15e+12
2019-04-01,"south",5.72e+12,4.18e+12
2020-04-01,"south",6.66e+12,4.81e+12
2021-04-01,"south",7.13e+12,5.29e+12
2022-04-01,"south",5.95e+12,4.25e+12
2023-04-01,"south",5.54e+12,4e+12
2024-04-01,"south",6.25e+12,4.61e+12
2025-04-01,"south",6.17e+12,4.42e+12
1979-05-01,"south",1.083e+13,8.3e+12
1980-05-01,"south",8.86e+12,6.44e+12
1981-05-01,"south",9.35e+12,7.08e+12
1982-05-01,"south",1.076e+13,8.27e+12
1983-05-01,"south",9.53e+12,7.16e+12
1984-05-01,"south",9.75e+12,7.41e+12
1985-05-01,"south",1.015e+13,7.84e+12
1986-05-01,"south",9.3e+12,7.04e+12
1987-05-01,"south",9.69e+12,7.53e+12
1988-05-01,"south",9.6e+12,7.23e+12
1989-05-01,"south",1.03e+13,8e+12
1990-05-01,"south",9.72e+12,7.46e+12
1991-05-01,"south",1.028e+13,7.86e+12
1992-05-01,"south",9.92e+12,7.62e+12
1993-05-01,"south",1.01e+13,7.89e+12
1994-05-01,"south",1.041e+13,8.21e+12
1995-05-01,"south",1.042e+13,8.19e+12
1996-05-01,"south",1.092e+13,8.65e+12
1997-05-01,"south",1.012e+13,7.91e+12
1998-05-01,"south",1.033e+13,7.91e+12
1999-05-01,"south",1.027e+13,8.07e+12
2000-05-01,"south",1.092e+13,8.56e+12
2001-05-01,"south",1.033e+13,8e+12
2002-05-01,"south",9.51e+12,7.18e+12
2003-05-01,"south",1.074e+13,8.45e+12
2004-05-01,"south",1.047e+13,8.19e+12
2005-05-01,"south",1.029e+13,7.96e+12
2006-05-01,"south",9.46e+12,7.2e+12
2007-05-01,"south",9.65e+12,7.54e+12
2008-05-01,"south",1.105e+13,8.6e+12
2009-05-01,"south",1.093e+13,8.46e+12
2010-05-01,"south",1.064e+13,8.33e+12
2011-05-01,"south",1.009e+13,7.85e+12
2012-05-01,"south",1.046e+13,8.15e+12
2013-05-01,"south",1.092e+13,8.49e+12
2014-05-01,"south",1.152e+13,9.03e+12
2015-05-01,"south",1.172e+13,9.21e+12
2016-05-01,"south",1.01e+13,7.91e+12
2017-05-01,"south",9.01e+12,6.83e+12
2018-05-01,"south",9.32e+12,7.15e+12
2019-05-01,"south",8.85e+12,6.84e+12
2020-05-01,"south",9.87e+12,7.61e+12
2021-05-01,"south",1.04e+13,8.21e+12
2022-05-01,"south",9.42e+12,7.29e+12
2023-05-01,"south",8.45e+12,6.51e+12
2024-05-01,"south",9.36e+12,7.15e+12
2025-05-01,"south",9.27e+12,7.14e+12
1979-06-01,"south",1.419e+13,1.122e+13
1980-06-01,"south",1.249e+13,9.58e+12
1981-06-01,"south",1.311e+13,1.016e+13
1982-06-01,"south",1.342e+13,1.05e+13
1983-06-01,"south",1.264e+13,9.77e+12
1984-06-01,"south",1.323e+13,1.064e+13
1985-06-01,"south",1.343e+13,1.051e+13
1986-06-01,"south",1.269e+13,9.72e+12
1987-06-01,"south",1.268e+13,9.91e+12
1988-06-01,"south",1.309e+13,1.028e+13
1989-06-01,"south",1.358e+13,1.081e+13
1990-06-01,"south",1.308e+13,1.035e+13
1991-06-01,"south",1.307e+13,9.99e+12
1992-06-01,"south",1.281e+13,1e+13
1993-06-01,"south",1.315e+13,1.037e+13
1994-06-01,"south",1.356e+13,1.073e+13
1995-06-01,"south",1.329e+13,1.046e+13
1996-06-01,"south",1.387e+13,1.109e+13
1997-06-01,"south",1.312e+13,1.022e+13
1998-06-01,"south",1.331e+13,1.034e+13
1999-06-01,"south",1.365e+13,1.083e+13
2000-06-01,"south",1.389e+13,1.104e+13
2001-06-01,"south",1.342e+13,1.056e+13
2002-06-01,"south",1.238e+13,9.7e+12
2003-06-01,"south",1.399e+13,1.116e+13
2004-06-01,"south",1.378e+13,1.089e+13
2005-06-01,"south",1.329e+13,1.031e+13
2006-06-01,"south",1.334e+13,1.058e+13
2007-06-01,"south",1.329e+13,1.048e+13
2008-06-01,"south",1.406e+13,1.14e+13
2009-06-01,"south",1.391e+13,1.109e+13
2010-06-01,"south",1.441e+13,1.165e+13
2011-06-01,"south",1.333e+13,1.054e+13
2012-06-01,"south",1.355e+13,1.079e+13
2013-06-01,"south",1.415e+13,1.127e+13
2014-06-01,"south",1.469e+13,1.206e+13
2015-06-01,"south",1.447e+13,1.148e+13
2016-06-01,"south",1.324e+13,1.061e+13
2017-06-01,"south",1.241e+13,9.8e+12
2018-06-01,"south",1.289e+13,1.023e+13
2019-06-01,"south",1.225e+13,9.75e+12
2020-06-01,"south",1.327e+13,1.059e+13
2021-06-01,"south",1.354e+13,1.105e+13
2022-06-01,"south",1.222e+13,9.56e+12
2023-06-01,"south",1.111e+13,8.58e+12
2024-06-01,"south",1.185e+13,9.15e+12
2025-06-01,"south",1.211e+13,9.47e+12
1979-07-01,"south",1.652e+13,1.326e+13
1980-07-01,"south",1.556e+13,1.218e+13
1981-07-01,"south",1.604e+13,1.278e+13
1982-07-01,"south",1.587e+13,1.247e+13
1983-07-01,"south",1.547e+13,1.237e+13
1984-07-01,"south",1.64e+13,1.338e+13
1985-07-01,"south",1.572e+13,1.248e+13
1986-07-01,"south",1.532e+13,1.209e+13
1987-07-01,"south",1.575e+13,1.25e+13
1988-07-01,"south",1.575e+13,1.262e+13
1989-07-01,"south",1.571e+13,1.258e+13
1990-07-01,"south",1.557e+13,1.227e+13
1991-07-01,"south",1.555e+13,1.222e+13
1992-07-01,"south",1.589e+13,1.258e+13
1993-07-01,"south",1.585e+13,1.272e+13
1994-07-01,"south",1.63e+13,1.312e+13
1995-07-01,"south",1.574e+13,1.253e+13
1996-07-01,"south",1.612e+13,1.289e+13
1997-07-01,"south",1.592e+13,1.275e+13
1998-07-01,"south",1.596e+13,1.266e+13
1999-07-01,"south",1.628e+13,1.306e+13
2000-07-01,"south",1.61e+13,1.299e+13
2001-07-01,"south",1.585e+13,1.258e+13
2002-07-01,"south",1.541e+13,1.252e+13
2003-07-01,"south",1.64e+13,1.317e+13
2004-07-01,"south",1.633e+13,1.316e+13
2005-07-01,"south",1.616e+13,1.272e+13
2006-07-01,"south",1.611e+13,1.288e+13
2007-07-01,"south",1.596e+13,1.261e+13
2008-07-01,"south",1.609e+13,1.295e+13
2009-07-01,"south",1.626e+13,1.309e+13
2010-07-01,"south",1.692e+13,1.374e+13
2011-07-01,"south",1.575e+13,1.234e+13
2012-07-01,"south",1.63e+13,1.331e+13
2013-07-01,"south",1.681e+13,1.373e+13
2014-07-01,"south",1.711e+13,1.395e+13
2015-07-01,"south",1.678e+13,1.345e+13
2016-07-01,"south",1.602e+13,1.255e+13
2017-07-01,"south",1.53e+13,1.228e+13
2018-07-01,"south",1.57e+13,1.249e+13
2019-07-01,"south",1.53e+13,1.233e+13
2020-07-01,"south",1.572e+13,1.258e+13
2021-07-01,"south",1.645e+13,1.336e+13
2022-07-01,"south",1.499e+13,1.191e+13
2023-07-01,"south",1.357e+13,1.064e+13
2024-07-01,"south",1.42e+13,1.12e+13
2025-07-01,"south",1.466e+13,1.169e+13
1979-08-01,"south",1.77e+13,1.379e+13
1980-08-01,"south",1.781e+13,1.396e+13
1981-08-01,"south",1.774e+13,1.416e+13
1982-08-01,"south",1.779e+13,1.428e+13
1983-08-01,"south",1.725e+13,1.384e+13
1984-08-01,"south",1.793e+13,1.423e+13
1985-08-01,"south",1.763e+13,1.424e+13
1986-08-01,"south",1.7e+13,1.346e+13
1987-08-01,"south",1.76e+13,1.402e+13
1988-08-01,"south",1.756e+13,1.398e+13
1989-08-01,"south",1.747e+13,1.403e+13
1990-08-01,"south",1.757e+13,1.403e+13
1991-08-01,"south",1.772e+13,1.405e+13
1992-08-01,"south",1.773e+13,1.417e+13
1993-08-01,"south",1.749e+13,1.393e+13
1994-08-01,"south",1.784e+13,1.449e+13
1995-08-01,"south",1.778e+13,1.42e+13
1996-08-01,"south",1.774e+13,1.39e+13
1997-08-01,"south",1.768e+13,1.409e+13
1998-08-01,"south",1.788e+13,1.406e+13
1999-08-01,"south",1.796e+13,1.424e+13
2000-08-01,"south",1.821e+13,1.464e+13
2001-08-01,"south",1.742e+13,1.375e+13
2002-08-01,"south",1.707e+13,1.374e+13
2003-08-01,"south",1.758e+13,1.377e+13
2004-08-01,"south",1.801e+13,1.423e+13
2005-08-01,"south",1.792e+13,1.395e+13
2006-08-01,"south",1.81e+13,1.454e+13
2007-08-01,"south",1.768e+13,1.403e+13
2008-08-01,"south",1.764e+13,1.413e+13
2009-08-01,"south",1.81e+13,1.445e+13
2010-08-01,"south",1.861e+13,1.495e+13
2011-08-01,"south",1.781e+13,1.404e+13
2012-08-01,"south",1.81e+13,1.456e+13
2013-08-01,"south",1.866e+13,1.513e+13
2014-08-01,"south",1.891e+13,1.51e+13
2015-08-01,"south",1.775e+13,1.402e+13
2016-08-01,"south",1.789e+13,1.398e+13
2017-08-01,"south",1.722e+13,1.362e+13
2018-08-01,"south",1.742e+13,1.401e+13
2019-08-01,"south",1.748e+13,1.399e+13
2020-08-01,"south",1.776e+13,1.442e+13
2021-08-01,"south",1.819e+13,1.463e+13
2022-08-01,"south",1.705e+13,1.367e+13
2023-08-01,"south",1.557e+13,1.223e+13
2024-08-01,"south",1.641e+13,1.3e+13
2025-08-01,"south",1.65e+13,1.306e+13
1979-09-01,"south",1.82e+13,1.429e+13
1980-09-01,"south",1.882e+13,1.487e+13
1981-09-01,"south",1.86e+13,1.478e+13
1982-09-01,"south",1.835e+13,1.453e+13
1983-09-01,"south",1.859e+13,1.468e+13
1984-09-01,"south",1.817e+13,1.427e+13
1985-09-01,"south",1.87e+13,1.472e+13
1986-09-01,"south",1.768e+13,1.388e+13
1987-09-01,"south",1.825e+13,1.427e+13
1988-09-01,"south",1.831e+13,1.42e+13
1989-09-01,"south",1.812e+13,1.448e+13
1990-09-01,"south",1.819e+13,1.439e+13
1991-09-01,"south",1.831e+13,1.447e+13
1992-09-01,"south",1.815e+13,1.413e+13
1993-09-01,"south",1.854e+13,1.47e+13
1994-09-01,"south",1.861e+13,1.461e+13
1995-09-01,"south",1.837e+13,1.446e+13
1996-09-01,"south",1.863e+13,1.454e+13
1997-09-01,"south",1.86e+13,1.459e+13
1998-09-01,"south",1.89e+13,1.484e+13
1999-09-01,"south",1.87e+13,1.462e+13
2000-09-01,"south",1.889e+13,1.507e+13
2001-09-01,"south",1.817e+13,1.436e+13
2002-09-01,"south",1.789e+13,1.41e+13
2003-09-01,"south",1.83e+13,1.414e+13
2004-09-01,"south",1.892e+13,1.459e+13
2005-09-01,"south",1.88e+13,1.485e+13
2006-09-01,"south",1.909e+13,1.518e+13
2007-09-01,"south",1.886e+13,1.539e+13
2008-09-01,"south",1.815e+13,1.439e+13
2009-09-01,"south",1.896e+13,1.508e+13
2010-09-01,"south",1.88e+13,1.443e+13
2011-09-01,"south",1.874e+13,1.457e+13
2012-09-01,"south",1.921e+13,1.541e+13
2013-09-01,"south",1.939e+13,1.528e+13
2014-09-01,"south",1.976e+13,1.575e+13
2015-09-01,"south",1.844e+13,1.445e+13
2016-09-01,"south",1.815e+13,1.386e+13
2017-09-01,"south",1.791e+13,1.392e+13
2018-09-01,"south",1.796e+13,1.42e+13
2019-09-01,"south",1.833e+13,1.46e+13
2020-09-01,"south",1.884e+13,1.509e+13
2021-09-01,"south",1.851e+13,1.442e+13
2022-09-01,"south",1.806e+13,1.407e+13
2023-09-01,"south",1.689e+13,1.301e+13
2024-09-01,"south",1.715e+13,1.332e+13
2025-09-01,"south",1.764e+13,1.354e+13
1979-10-01,"south",1.782e+13,1.372e+13
1980-10-01,"south",1.857e+13,1.457e+13
1981-10-01,"south",1.829e+13,1.443e+13
1982-10-01,"south",1.779e+13,1.374e+13
1983-10-01,"south",1.792e+13,1.392e+13
1984-10-01,"south",1.757e+13,1.373e+13
1985-10-01,"south",1.82e+13,1.437e+13
1986-10-01,"south",1.718e+13,1.332e+13
1987-10-01,"south",1.767e+13,1.371e+13
1988-10-01,"south",1.836e+13,1.441e+13
1989-10-01,"south",1.786e+13,1.385e+13
1990-10-01,"south",1.795e+13,1.38e+13
1991-10-01,"south",1.792e+13,1.38e+13
1992-10-01,"south",1.793e+13,1.385e+13
1993-10-01,"south",1.813e+13,1.417e+13
1994-10-01,"south",1.809e+13,1.407e+13
1995-10-01,"south",1.803e+13,1.357e+13
1996-10-01,"south",1.796e+13,1.394e+13
1997-10-01,"south",1.799e+13,1.412e+13
1998-10-01,"south",1.866e+13,1.454e+13
1999-10-01,"south",1.835e+13,1.423e+13
2000-10-01,"south",1.813e+13,1.426e+13
2001-10-01,"south",1.773e+13,1.334e+13
2002-10-01,"south",1.787e+13,1.382e+13
2003-10-01,"south",1.82e+13,1.387e+13
2004-10-01,"south",1.846e+13,1.412e+13
2005-10-01,"south",1.848e+13,1.404e+13
2006-10-01,"south",1.873e+13,1.468e+13
2007-10-01,"south",1.851e+13,1.459e+13
2008-10-01,"south",1.799e+13,1.412e+13
2009-10-01,"south",1.83e+13,1.435e+13
2010-10-01,"south",1.865e+13,1.441e+13
2011-10-01,"south",1.822e+13,1.423e+13
2012-10-01,"south",1.859e+13,1.445e+13
2013-10-01,"south",1.902e+13,1.513e+13
2014-10-01,"south",1.9e+13,1.483e+13
2015-10-01,"south",1.841e+13,1.436e+13
2016-10-01,"south",1.746e+13,1.294e+13
2017-10-01,"south",1.778e+13,1.345e+13
2018-10-01,"south",1.773e+13,1.399e+13
2019-10-01,"south",1.794e+13,1.39e+13
2020-10-01,"south",1.849e+13,1.46e+13
2021-10-01,"south",1.769e+13,1.339e+13
2022-10-01,"south",1.747e+13,1.334e+13
2023-10-01,"south",1.628e+13,1.254e+13
2024-10-01,"south",1.665e+13,1.273e+13
2025-10-01,"south",1.696e+13,1.27e+13
1978-11-01,"south",1.59e+13,1.169e+13
1979-11-01,"south",1.534e+13,1.132e+13
1980-11-01,"south",1.613e+13,1.184e+13
1981-11-01,"south",1.611e+13,1.207e+13
1982-11-01,"south",1.554e+13,1.127e+13
1983-11-01,"south",1.601e+13,1.157e+13
1984-11-01,"south",1.613e+13,1.206e+13
1985-11-01,"south",1.614e+13,1.234e+13
1986-11-01,"south",1.501e+13,1.087e+13
1987-11-01,"south",1.558e+13,1.123e+13
1988-11-01,"south",1.615e+13,1.229e+13
1989-11-01,"south",1.573e+13,1.142e+13
1990-11-01,"south",1.547e+13,1.135e+13
1991-11-01,"south",1.558e+13,1.146e+13
1992-11-01,"south",1.59e+13,1.12e+13
1993-11-01,"south",1.604e+13,1.183e+13
1994-11-01,"south",1.588e+13,1.178e+13
1995-11-01,"south",1.563e+13,1.149e+13
1996-11-01,"south",1.572e+13,1.124e+13
1997-11-01,"south",1.573e+13,1.159e+13
1998-11-01,"south",1.63e+13,1.188e+13
1999-11-01,"south",1.596e+13,1.151e+13
2000-11-01,"south",1.576e+13,1.181e+13
2001-11-01,"south",1.561e+13,1.1e+13
2002-11-01,"south",1.541e+13,1.167e+13
2003-11-01,"south",1.611e+13,1.147e+13
2004-11-01,"south",1.608e+13,1.175e+13
2005-11-01,"south",1.632e+13,1.18e+13
2006-11-01,"south",1.623e+13,1.161e+13
2007-11-01,"south",1.589e+13,1.216e+13
2008-11-01,"south",1.625e+13,1.201e+13
2009-11-01,"south",1.585e+13,1.18e+13
2010-11-01,"south",1.675e+13,1.192e+13
2011-11-01,"south",1.576e+13,1.177e+13
2012-11-01,"south",1.611e+13,1.207e+13
2013-11-01,"south",1.687e+13,1.277e+13
2014-11-01,"south",1.639e+13,1.226e+13
2015-11-01,"south",1.618e+13,1.19e+13
2016-11-01,"south",1.422e+13,9.84e+12
2017-11-01,"south",1.511e+13,1.091e+13
2018-11-01,"south",1.51e+13,1.075e+13
2019-11-01,"south",1.499e+13,1.119e+13
2020-11-01,"south",1.623e+13,1.188e+13
2021-11-01,"south",1.504e+13,1.045e+13
2022-11-01,"south",1.516e+13,1.084e+13
2023-11-01,"south",1.438e+13,1.042e+13
2024-11-01,"south",1.431e+13,1.051e+13
2025-11-01,"south",1.458e+13,1.064e+13
1978-12-01,"south",1.04e+13,6.97e+12
1979-12-01,"south",9.24e+12,6.24e+12
1980-12-01,"south",1.016e+13,6.56e+12
1981-12-01,"south",1.089e+13,7.02e+12
1982-12-01,"south",9.22e+12,6.31e+12
1983-12-01,"south",1.039e+13,6.71e+12
1984-12-01,"south",1.047e+13,6.96e+12
1985-12-01,"south",1.135e+13,7.46e+12
1986-12-01,"south",9.65e+12,6.49e+12
1987-12-01,"south",-9.999e+15,-9.999e+15
1988-12-01,"south",1.106e+13,7.4e+12
1989-12-01,"south",9.84e+12,6.7e+12
1990-12-01,"south",9.95e+12,6.73e+12
1991-12-01,"south",1.019e+13,6.8e+12
1992-12-01,"south",1.021e+13,6.18e+12
1993-12-01,"south",9.93e+12,6.67e+12
1994-12-01,"south",1.01e+13,7.11e+12
1995-12-01,"south",1.062e+13,7.19e+12
1996-12-01,"south",9.65e+12,6.24e+12
1997-12-01,"south",1.029e+13,6.99e+12
1998-12-01,"south",1.052e+13,6.8e+12
1999-12-01,"south",1.072e+13,6.8e+12
2000-12-01,"south",9.91e+12,6.95e+12
2001-12-01,"south",1.035e+13,6.36e+12
2002-12-01,"south",1.079e+13,7.61e+12
2003-12-01,"south",1.056e+13,7.2e+12
2004-12-01,"south",1.023e+13,6.93e+12
2005-12-01,"south",9.68e+12,6.33e+12
2006-12-01,"south",9.85e+12,6.48e+12
2007-12-01,"south",1.198e+13,8.38e+12
2008-12-01,"south",1.151e+13,7.39e+12
2009-12-01,"south",1.074e+13,7.09e+12
2010-12-01,"south",1.127e+13,6.94e+12
2011-12-01,"south",1.12e+13,7.4e+12
2012-12-01,"south",1.039e+13,7.38e+12
2013-12-01,"south",1.185e+13,8.34e+12
2014-12-01,"south",1.193e+13,8.21e+12
2015-12-01,"south",1.066e+13,7.09e+12
2016-12-01,"south",8.28e+12,5.51e+12
2017-12-01,"south",9.48e+12,6.23e+12
2018-12-01,"south",9.19e+12,5.59e+12
2019-12-01,"south",9.41e+12,6.59e+12
2020-12-01,"south",1.057e+13,6.61e+12
2021-12-01,"south",9.24e+12,5.48e+12
2022-12-01,"south",8.84e+12,5.23e+12
2023-12-01,"south",8.76e+12,5.93e+12
2024-12-01,"south",9.59e+12,6.61e+12
2025-12-01,"south",9.22e+12,6.26e+12
